COUNTRY,CC,MIC,INSTITUTION DESCRIPTION,ACCR.,CITY,WEB SITE,Date added
ALBANIA,AL,XTIR,TIRANA STOCK EXCHANGE,,TIRANA,www.tse.com.al,June 2005
ALGERIA,DZ,XALG,ALGIERS STOCK EXCHANGE,,ALGIERS,,June 2005
ARGENTINA,AR,XA1X,A1,,BUENOS AIRES,a1.primary.com.ar,December 2005
ARGENTINA,AR,XBUE,BUENOS AIRES STOCK EXCHANGE,,BUENOS AIRES,www.bcba.sba.com.ar,June 2005
ARGENTINA,AR,XMAB,MERCADO ABIERTO ELECTRONICO S.A.,MAE,BUENOS AIRES,www.mae.com.ar,June 2005
ARGENTINA,AR,XMEV,MERCADO DE VALORES DE BUENOS AIRES S.A.,MERVAL,BUENOS AIRES,www.merval.sba.com.ar,June 2005
ARGENTINA,AR,XMTB,MERCADO A TERMINO DE BUENOS AIRES S.A.,MAT,BUENOS AIRES,www.matba.com.ar,June 2005
ARGENTINA,AR,XBCM,BOLSA DE COMMERCIO DE MENDOZA S.A.,,MENDOZA,www.bolsamza.com.ar,June 2005
ARGENTINA,AR,XROS,BOLSA DE COMERCIO ROSARIO,ROFEX,ROSARIO,www.bcr.com.ar,June 2005
ARMENIA,AM,XARM,ARMENIAN STOCK EXCHANGE,ARMEX,YEREVAN,www.armex.am,June 2005
AUSTRALIA,AU,XNEC,STOCK EXCHANGE OF NEWCASTLE LTD,NSX,NEWCASTLE,www.newsx.com.au,June 2005
AUSTRALIA,AU,XASX,ASX OPERATIONS PTY LIMITED,ASX,SYDNEY,www.asx.com.au,June 2005
AUSTRALIA,AU,XSFE,SYDNEY FUTURES EXCHANGE LIMITED,SFE,SYDNEY,www.sfe.com.au,June 2005
AUSTRALIA,AU,XYIE,YIELDBROKER PTY LTD,,SYDNEY,www.yieldbroker.com,June 2005
AUSTRIA,AT,XNEW,NEWEX,NEWEX,VIENNA,www.newex.com,June 2005
AUSTRIA,AT,XOTB,"OESTERREICHISCHE TERMIN- UND OPTIONENBOERSE, CLEARING BANK AG",OTOB,VIENNA,www.wienerborse.at,June 2005
AUSTRIA,AT,XWBO,WIENER BOERSE AG,WBAG,VIENNA,www.wienerboerse.at,June 2005
AZERBAIJAN ,AZ,XIBE,BAKU INTERBANK CURRENCY EXCHANGE,,BAKU,www.bbvb.org,June 2005
BAHAMAS,BS,XBAA,BAHAMAS INTERNATIONAL SECURITIES EXCHANGE,BISX,NASAU,www.bisxbahamas.com,June 2005
BAHRAIN,BH,XBAH,BAHRAIN STOCK EXCHANGE,BSE,MANAMA,www.bahrainstock.com,June 2005
BANGLADESH ,BD,XCHG,CHITTAGONG STOCK EXCHANGE LTD.,CSE,CHITTAGONG,www.csebd.com,June 2005
BANGLADESH ,BD,XDHA,DHAKA STOCK EXCHANGE LTD,DSE,DHAKA,www.dsebd.org,June 2005
BARBADOS,BB,XBAB,BARBADOS STOCK EXCHANGE,BSE,BRIDGETOWN,www.bse.com.bb,June 2005
BELGIUM,BE,BMTS,MTS BELGIUM,,BRUSSELS,www.mtsbelgium.com,November 2005
BELGIUM,BE,FRRF,FONDS DES RENTES / RENTENFONDS,,BRUSSELS,www.nbb.be/rk/fonds.htm,October 2005
BELGIUM,BE,MTSD,MTS DENMARK,,BRUSSELS,www.mtsdenmark.com,November 2005
BELGIUM,BE,MTSF,MTS FINLAND,,BRUSSELS,www.mtsfinland.com,November 2005
BELGIUM,BE,XBRU,EURONEXT BRUSSELS,EURONEXT,BRUSSELS,www.euronext.com,June 2005
BERMUDA,BM,XBDA,"BERMUDA STOCK EXCHANGE LTD, THE",BSX,HAMILTON,www.bsx.com,June 2005
BOLIVIA,BO,XBOL,BOLSA BOLIVIANA DE VALORES S.A.,,LA PAZ,www.bolsa-valores-bolivia.com,June 2005
BOSNIA AND HERZEGOVINA,BA,XBLB,BANJA LUKA STOCK EXCHANGE,,BANJA LUKA,www.blberza.com,October 2005
BOTSWANA,BW,XBOT,BOTSWANA STOCK EXCHANGE,,GABORONO,www.mbendi.co.za/exbo.htm,June 2005
BRAZIL,BR,XBVP,BOLSA DE VALORES DO PARANA,,CURITIBA,www.bvpr.com.br,June 2005
BRAZIL,BR,XBBF,BOLSA BRASILIERA DE FUTUROS,BBF,RIO DE JANEIRO,,June 2005
BRAZIL,BR,XRIO,BOLSA DE VALORES DO RIO DE JANEIRO,BVRJ,RIO DE JANEIRO,www.bvrj.com.br,June 2005
BRAZIL,BR,XSOM,SOCIEDADE OPERADORA DO MERCADO DE ATIVOS S.A.,SOMA,RIO DE JANEIRO,www.somativos.com.br,June 2005
BRAZIL,BR,XBMF,BOLSA DE MERCADORIAS E FUTUROS,BM&F,SAO PAULO,www.bmf.com.br,June 2005
BRAZIL,BR,XBSP,BOLSA DE VALORES DE SAO PAULO,BOVESPA,SAO PAULO,www.bovespa.com.br,June 2005
BULGARIA,BG,XBUL,BULGARIAN STOCK EXCHANGE,BSE,SOFIA,www.bse-sofia.bg,June 2005
CANADA,CA,XMOD,MONTREAL EXCHANGE THE / BOURSE DE MONTREAL (OTIONS AND OTHER DERIVATIVES),CDE,MONTREAL,www.m-x.ca,June 2005
CANADA,CA,CANX,CANNEX FINANCIAL EXCHANGE LTS.,CANNEX,TORONTO,www.cannex.com,June 2005
CANADA,CA,XCNQ,CANADA'S NEW STOCK EXCHANGE (CANADIAN TRADING AND QUOTING SYSTEM INC.),CNQ,TORONTO,www.cnq.ca,June 2005
CANADA,CA,XTFE,TORONTO FUTURES EXCHANGE,,TORONTO,www.tse.com,June 2005
CANADA,CA,XTOE,TORONTO OPTIONS EXCHANGE,,TORONTO,,June 2005
CANADA,CA,XTSE,TORONTO STOCK EXCHANGE,TSE,TORONTO,www.tse.com,June 2005
CANADA,CA,XTSX,TSX VENTURE EXCHANGE,TSX,TORONTO,www.tsx.com,June 2005
CANADA,CA,XTNX,TSX VENTURE EXCHANGE - NEX,NEX,VANCOUVER,www.tsx.com/en/nex/index.html,June 2005
CANADA,CA,XWCE,"WINNIPEG COMMODITY EXCHANGE, THE",WCE,WINNIPEG,www.wce.ca,June 2005
CAPE VERDE,CV,XBVC,"CAPE VERDE STOCK EXCHANGE, THE",BVC,PRAIA,www.bvc.cv,November 2005
CAYMAN ISLANDS,KY,XCAY,CAYMAN ISLANDS STOCK EXCHANGE,,GEORGETOWN,www.csx.com.ky,June 2005
CHILE,CL,XBCL,LA BOLSA ELECTRONICA DE CHILE,BOLCHILE,SANTIAGO,www.bolchile.cl,June 2005
CHILE,CL,XSGO,SANTIAGO STOCK EXCHANGE,,SANTIAGO,www.bolsadesantiago.com,June 2005
CHINA,CN,XDCE,DALIAN COMMODITY EXCHANGE,DCE,DALIAN,www.dce.com.cn,June 2005
CHINA,CN,XCFE,CHINA FOREIGN EXCHANGE TRADE SYSTEM ,CFETS,SHANGHAI,www.chinamoney.com.cn,June 2005
CHINA,CN,XSGE,SHANGHAI FUTURES EXCHANGE,SHFE,SHANGHAI,www.shfe.com.cn,June 2005
CHINA,CN,XSHG,SHANGHAI STOCK EXCHANGE,,SHANGHAI,www.sse.com.cn,June 2005
CHINA,CN,XSHE,SHENZHEN STOCK EXCHANGE,,SHENZHEN,www.szse.cn/main/en,June 2005
CHINA,CN,XSME,SHENZHEN MERCANTILE EXCHANGE,,SHENZHEN,,June 2005
CHINA,CN,XZCE,ZHENGZHOU COMMODITY EXCHANGE,ZCE,ZHENGZHOU,www.czce.com.cn,June 2005
COLOMBIA,CO,XBOG,BOLSA DE VALORES DE COLOMBIA,BVC,BOGOTA,www.bvc.com.co,June 2005
COSTA RICA,CR,XBNV,"BOLSA NACIONAL DE VALORES, S.A.",BNV,SAN JOSE,www.bnv.co.cr,June 2005
CROATIA,HR,XVAR,"VARAZDIN STOCK EXCHANGE, THE",VSE,VARAZDIN,www.vse.hr,November 2005
CROATIA,HR,XZAG,"ZAGREB STOCK EXCHANGE, THE",,ZAGREB,www.zse.hr,June 2005
CYPRUS,CY,XCYS,CYPRUS STOCK EXCHANGE,CSE,NICOSIA (LEFKOSIA),www.cse.com.cy,June 2005
CZECH REPUBLIC ,CZ,XPRA,"STOCK EXCHANGE PRAGUE CO. LTD, THE",PSE,PRAGUE,www.pse.cz,June 2005
CZECH REPUBLIC ,CZ,XRMZ,RM-SYSTEM A.S.,RMS CZ,PRAGUE,www.rmsystem.cz,October 2005
DENMARK,DK,DAMP,DANISH AUTHORISED MARKET PLACE LTD.,Dansk AMP,COPENHAGEN,www.danskamp.dk,October 2005
DENMARK,DK,XCSE,COPENHAGEN STOCK EXCHANGE,,COPENHAGEN,www.cse.dk,June 2005
DOMINICAN REPUBLIC,DO,XBVR,BOLSA DE VALORES DE LA REPUBLICA DOMINICANA SA.,BVRD,ST DOMINGO,www.bolsard.com,June 2005
ECUADOR,EC,XGUA,GUAYAQUIL STOCK EXCHANGE,,GUAYAQUIL,www.mundobvg.com,June 2005
ECUADOR,EC,XQUI,QUITO STOCK EXCHANGE,,QUITO,www.ccbvq.com,June 2005
EGYPT,EG,XCAI,CAIRO AND ALEXANDRIA STOCK EXCHANGE,CASE,CAIRO,www.egyptse.com,June 2005
EL SALVADOR,SV,XSVA,EL SALVADOR STOCK EXCHANGE,,EL SALVADOR,www.bves.com.sv,June 2005
ESTONIA,EE,XTAL,TALLINN STOCK EXCHANGE,,TALLINN,www.hex.ee,June 2005
FIJI,FJ,XSPS,SOUTH PACIFIC STOCK EXCHANGE,SPSE,SUVA,www.spse.com.fj,June 2005
FINLAND,FI,XFOM,FINNISH OPTIONS MARKET,FOM,HELSINKI,www.som.fi,June 2005
FINLAND,FI,XHEL,THE HELSINKI STOCK EXCHANGE,,HELSINKI,www.hex.com,June 2005
FRANCE,FR,FMTS,MTS FRANCE SAS,,PARIS,www.mtsfrance.com,November 2005
FRANCE,FR,XFMN,SOCIETE DU NOUVEAU MARCHE,,PARIS,www.nouveau-marche.fr,June 2005
FRANCE,FR,XMAT,EURONEXT PARIS - MATIF,EURONEXT,PARIS,www.euronext.com,June 2005
FRANCE,FR,XMLI,EURONEXT PARIS S.A. - MARCHE LIBRE,EURONEXT,PARIS,www.euronext.com,June 2005
FRANCE,FR,XMON,EURONEXT PARIS - MONEP,EURONEXT,PARIS,www.euronext.com,June 2005
FRANCE,FR,XPAR,EURONEXT PARIS S.A.,EURONEXT,PARIS,www.euronext.com,June 2005
FRANCE,FR,XPOW,POWERNEXT,,PARIS,www.powernext.fr,June 2005
GEORGIA,GE,XGSE,GEORGIA STOCK EXCHANGE,GSE,TBILISI,www.gse.ge,June 2005
GERMANY,DE,XBER,BERLINER WERTPAPIERBOERSE,,BERLIN,www.berlinerboerse.de,June 2005
GERMANY,DE,ZOBX,ZOBEX,ZOBEX,BERLIN,www.berlinerboerse.de,June 2005
GERMANY,DE,XBRE,BREMER WERTPAPIERBOERSE,,BREMEN,www.boerse-bremen.de,June 2005
GERMANY,DE,XDUS,RHEINISCHE-WESTFAELISCHE BOERSE ZU DUESSELDORF,,DUEDSSELDORF,www.rwb.de,June 2005
GERMANY,DE,ECAG,EUREX CLEARING AG,,FRANKFURT AM MAIN ,www.eurexchange.com,November 2005
GERMANY,DE,GMTS,MTS DEUTSCHLAND AG,,FRANKFURT AM MAIN ,www.mtsgermany.com,November 2005
GERMANY,DE,XEEE,EUROPEAN ENERGY EXCHANGE AG,,FRANKFURT AM MAIN ,www.eex.de,June 2005
GERMANY,DE,XETR,DEUTSCHER KASSENVEREIN AG GRUPPE DEUTSCHE BOERSE,XETRA,FRANKFURT AM MAIN ,www.deutsche-boerse.com,June 2005
GERMANY,DE,XEUB,EUREX BONDS,,FRANKFURT AM MAIN ,www.eurex-bonds.com,June 2005
GERMANY,DE,XEUP,EUREX REPO GMBH,,FRANKFURT AM MAIN ,www.eurexchange.com,November 2005
GERMANY,DE,XEUR,EUREX DEUTSCHLAND,,FRANKFURT AM MAIN ,www.eurexchange.com,June 2005
GERMANY,DE,XFRA,DEUTSCHE BOERSE AG,,FRANKFURT AM MAIN ,www.deutsche-boerse.com,June 2005
GERMANY,DE,XRTR,RTR (REUTERS-REALTIME-DATEN),RTR,FRANKFURT AM MAIN ,,June 2005
GERMANY,DE,XHAM,HANSEATISCHE WERTPAPIERBOERSE HAMBURG,,HAMBURG,www.boersenag.de,June 2005
GERMANY,DE,XHAN,NIEDERSAECHSISCHE BOERSE ZU HANNOVER,,HANNOVER,www.boersenag.de,June 2005
GERMANY,DE,XHCE,WARENTERMINBOERSE HANNOVER,,HANNOVER,www.wtb-hannover.de,June 2005
GERMANY,DE,XMUN,BAYERISCHE BOERSE,,MUENCHEN,www.boerse-muenchen.de,June 2005
GERMANY,DE,EUWX,EUWAX,EUWAX,STUTTGART,www.euwax.de,June 2005
GERMANY,DE,XSTU,BADEN-WUERTTEMBERGISCHE WERTPAPIERBOERSE ZU STUTTGART,,STUTTGART,www.boerse-stuttgart.de,June 2005
GHANA,GH,XGHA,GHANA STOCK EXCHANGE,,ACCRA,www.gse.com.gh,June 2005
GREECE,GR,HDAT,ELECTRONIC SECONDARY SECURITIES MARKET (HDAT),HDAT,ATHENS,www.bankofgreece.gr,June 2005
GREECE,GR,XADE,"ATHENS DERIVATIVES EXCHANGE S.A., THE",ADEX,ATHENS,www.adex.ase.gr/AdexHomeEN,June 2005
GREECE,GR,XATH,ATHENS STOCK EXCHANGE,,ATHENS,www.ase.gr,June 2005
GUATEMALA,GT,XGTG,BOLSA DE VALORES NACIONAL SA,,GUATEMALA,www.bvnsa.com.gt,June 2005
"GUERNSEY, C.I.",GG,XCIE,THE CHANNEL ISLANDS STOCK EXCHANGE,CISX,ST.  PETER PORT,www.cisx.com,June 2005
HONDURAS,HN,XHON,"HONDURIAN STOCK EXCHANGE, THE",BVH,SAN PEDRO SULA ,www.bhv.hn,June 2005
HONDURAS,HN,XBCV,BOLSA CENTROAMERICANA DE VALORES S.A.,BCV,TEGUCIGALPA,www.bcv.hn,June 2005
HONG KONG,HK,XCGS,THE CHINESE GOLD & SILVER EXCHANGE SOCIETY,,HONG KONG,www.cgse.com.hk,April 2006
HONG KONG,HK,XGEM,HONG KONG GROWTH ENTERPRISES MARKET,HK GEM,HONG KONG,www.hkgem.com,June 2005
HONG KONG,HK,XHKF,HONG KONG FUTURES EXCHANGE LTD.,HKFE,HONG KONG,www.hkfe.com,June 2005
HONG KONG,HK,XHKG,"STOCK EXCHANGE OF HONG KONG LTD, THE",SEHK,HONG KONG,www.sehk.com.hk,June 2005
HUNGARY,HU,XBCE,BUDAPEST COMMODITY EXCHANGE,BCE,BUDAPEST,www.bce-bat.com,June 2005
HUNGARY,HU,XBUD,BUDAPEST STOCK EXCHANGE,,BUDAPEST,www.fornax.hu,June 2005
ICELAND,IS,XICE,ICELAND STOCK EXCHANGE,ICEX,REYKJAVIK,www.icex.is,June 2005
ICELAND,IS,ISEC,ISEC (ICEX SECOND MARKET),isec,REYKJAVIK,www.isec.is,October 2005
INDIA,IN,XBAN,BANGALORE STOCK EXCHANGE LTD,,BANGALORE,www.karnataka.com/stock/bgse.shtml,June 2005
INDIA,IN,XCAL,CALCUTTA STOCK EXCHANGE,,CALCUTTA,www.cse-india.com,June 2005
INDIA,IN,XDES,DELHI STOCK EXCHANGE,,DELHI,business.vsnl.com/dse,June 2005
INDIA,IN,XMDS,MADRAS STOCK EXCHANGE,,MADRAS,,June 2005
INDIA,IN,XBOM,MUMBAI STOCK EXCHANGE,MSE,MUMBAI,www.bseindia.com/index_op.htm,June 2005
INDIA,IN,XIMC,MULTI COMMODITY EXCHANGE OF INDIA LTD.,MCX,MUMBAI,www.mcxindia.com,April 2006
INDIA,IN,XNCD,NATIONAL COMMODITY & DERIVATIVES EXCHANGE LTD.,NCDEX,MUMBAI,www.ncdex.com,April 2006
INDIA,IN,XNSE,NATIONAL STOCK EXCHANGE OF INDIA,NSE,MUMBAI,www.nseindia.com,June 2005
INDONESIA,ID,XBBJ,JAKARTA FUTURES EXCHANGE (BURSA BERJANGKA JAKARTA),,JAKARTA,www.bbj-jfx.com,June 2005
INDONESIA,ID,XJKT,JAKARTA STOCK EXCHANGE,,JAKARTA,www.jsx.co.id,June 2005
INDONESIA,ID,XJNB,JAKARTA NEGOTIATED BOARD,,JAKARTA,,June 2005
INDONESIA,ID,XSUR,SURABAYA STOCK EXCHANGE,,SURABAYA,www.bes.co.id,June 2005
IRAN,IR,XTEH,TEHERAN STOCK EXCHANGE,,TEHERAN,www.tse.ir,June 2005
IRELAND,IE,XDUB,IRISH STOCK EXCHANGE,ISE,DUBLIN,www.ise.ie,June 2005
IRELAND,IE,XFNX,FINEX (NEW YORK AND DUBLIN),FINEX,DUBLIN,www.finex.ie,June 2005
ISRAEL,IL,XTAE,TEL AVIV STOCK EXCHANGE,TASE,TEL AVIV,www.tase.co.il,June 2005
ITALY,IT,TLAB,TRADINGLAB TLX,TLX,MILANO,www.tradinglab.it,June 2005
ITALY,IT,XDMI,ITALIAN DERIVATIVES MARKET,IDEM,MILANO,www.borsaitalia.it,June 2005
ITALY,IT,XMIF,MERCATO ITALIANO FUTURES EXCHANGE,MIF,MILANO,www.tesoro.it,June 2005
ITALY,IT,XMIL,BORSA ITALIANA S.P.A.,,MILANO,www.borsaitalia.it,June 2005
ITALY,IT,BOND,BONDVISION,,ROMA,www.bondvision.net,November 2005
ITALY,IT,MTSC,MTS S.P.A.,MTS Italy,ROMA,www.mtsspa.it,November 2005
IVORY COAST,CI,XBRV,BOURSE REGIONALE DES VALEURS MOBILIERES,BRVM,ABIDJAN,www.brvm.org/,June 2005
JAMAICA,JM,XJAM,"JAMAICA STOCK EXCHANGE, THE",,KINGSTON,www.jamstockex.com/,June 2005
JAPAN,JP,XFFE,FUKUOKA FUTURES EXCHANGE,,FUKUOKA,www.ffe.or.jp/,June 2005
JAPAN,JP,XFKA,FUKUOKA STOCK EXCHANGE,,FUKUOKA,www.fse.or.jp,June 2005
JAPAN,JP,XNGO,NAGOYA STOCK EXCHANGE,NSE,NAGOYA,www.nse.or.jp/e/index.html,June 2005
JAPAN,JP,XNKS,CENTRAL JAPAN COMMODITIES EXCHANGE,C-COM,NAGOYA,www.c-com.or.jp,June 2005
JAPAN,JP,XHER,NIPPON NEW MARKET - HERCULES,HERCULES,OSAKA,hercules.ose.or.jp/e/,June 2005
JAPAN,JP,XKAC,KANSAI COMMODITIES EXCHANGE,KANEX,OSAKA,www.kanex.or.jp/14english/index-eng.htm,June 2005
JAPAN,JP,XOSE,OSAKA SECURITIES EXCHANGE,OSE,OSAKA,www.ose.or.jp,June 2005
JAPAN,JP,XOSJ,OSAKA SECURITIES EXCHANGE J-NET,J-NET,OSAKA,www.ose.or.jp/e/stocks/st-jn.html,January 2006
JAPAN,JP,XOSM,OSAKA MERCANTILE EXCHANGE,OME,OSAKA,www.osamex.com,June 2005
JAPAN,JP,XSAP,SAPPORO SECURITIES EXCHANGE,,SAPPORO,www.tokeidai.co.jp/sse,June 2005
JAPAN,JP,JASR,JAPAN CROSS (PTS),,TOKYO,,June 2005
JAPAN,JP,XJAS,JASDAQ SECURITIES EXCHANGE,JASDAQ,TOKYO,www.jasdaq.co.jp,June 2005
JAPAN,JP,XTFF,"TOKYO INTERNATIONAL FINANCIAL FUTURES EXCHANGE, THE ",TIFFE,TOKYO,www.tfx.co.jp,June 2005
JAPAN,JP,XTKO,TOKYO KOKUMOTSU SHOHIN TORIHIKIJO (GRAIN EXCHANGE),TGE,TOKYO,www.tge.or.jp,June 2005
JAPAN,JP,XTKS,TOKYO STOCK EXCHANGE,TSE,TOKYO,www.tse.or.jp,June 2005
JAPAN,JP,XTK1,TOKYO STOCK EXCHANGE - TOSTNET-1,,TOKYO,www.tse.or.jp/english/cash/tostnet/index.html,January 2006
JAPAN,JP,XTK2,TOKYO STOCK EXCHANGE - TOSTNET-2,,TOKYO,www.tse.or.jp/english/cash/tostnet/index.html,January 2006
JAPAN,JP,XTKT,TOKYO KOGYOIN TORIHIKIJO (COMMODITY EXCHANGE),TOCOM,TOKYO,www.tocom.or.jp/,June 2005
JAPAN,JP,XYKT,YOKOHAMA COMMODITY EXCHANGE,Y-COM,YOKOHAMA,www.y-com.or.jp,June 2005
JORDAN,JO,XAMM,AMMAN STOCK EXCHANGE,,AMMAN,www.ammanstockex.com,June 2005
KAZAKHSTAN,KZ,XKAZ,KAZAKHSTAN STOCK EXCHANGE,KAZE,ALMA-ATA,www.kase.kz/eng/,June 2005
KENYA,KE,XNAI,NAIROBI STOCK EXCHANGE,,NAIROBI,www.nse.co.ke,June 2005
"KOREA, REPUBLIC OF",KR,KOCN,KOREA ECN SECURITIES CO. LTD (ATS),,SEOUL,www.seoulstock.co.kr,June 2005
"KOREA, REPUBLIC OF",KR,XKRX,KOREA EXCHANGE,KRX,SEOUL,www.krx.co.kr,February 2006
KUWAIT,KW,XKUW,KUWAIT STOCK EXCHANGE,,KUWAIT,www.kuwaitse.com,June 2005
KYRGYZSTAN,KG,XKSE,KYRGYZ STOCK EXCHANGE,KSE,BISHKEK,www.kse.kg,June 2005
LATVIA,LV,XRIS,"RIGA STOCK EXCHANGE,THE",,RIGA,www.rfb.lv,June 2005
LEBANON,LB,XBEY,BOURSE DE BEYROUTH,,BEYROUTH,www.bse.com.lb,June 2005
LITHUANIA,LT,XLIT,NATIONAL STOCK EXCHANGE OF LITHUANIA,,VILNIUS,www.lt.omxgroup.com,June 2005
LUXEMBOURG,LU,CCLX,CENTRALE DE COMMUNICATIONS LUXEMBOURG S.A.,CCLux,LUXEMBOURG,www.cclux.lu,June 2005
LUXEMBOURG,LU,XLUX,LUXEMBOURG STOCK EXCHANGE,,LUXEMBOURG,www.bourse.lu,June 2005
LUXEMBOURG,LU,XVES,VESTIMA+,,LUXEMBOURG,www.clearstream.com/swing/dipatch/en/swing/swing_navigation/5000_products_and_services/5505_vestima,June 2005
MACEDONIA,MK,XMAE,MACEDONIAN STOCK EXCHANGE,,SKOPJE,www.mse.org.mk,June 2005
MADAGASCAR,MG,XMDG,MARCHE INTERBANCAIRE DES DEVISES M.I.D.,,ANTANANARIVO,,June 2005
MALAWI,MW,XMSW,MALAWI STOCK EXCHANGE,,BLANTYRE,www.mse.co.mw,June 2005
MALAYSIA,MY,XKLS,BURSA MALAYSIA,,KUALA LUMPUR,www.klse.com.my,June 2005
MALAYSIA,MY,XLOF,MALAYSIA DERIVATIVES EXCHANGE BHD,MDEX,KUALA LUMPUR,www.mdex.com.my,June 2005
MALAYSIA,MY,XRBM,RINGGIT BOND MARKET,RBM,KUALA LUMPUR,rmbond.bnm.gov.my,June 2005
MALAYSIA,MY,XLFX,LABUAN INTERNATIONAL FINANCIAL EXCHANGE,LFX,LABUAN,lfxsys.lfx.com.my/index.asp,June 2005
MALTA,MT,XMAL,MALTA STOCK EXCHANGE,,VALLETTA,www.borzamalta.com.mt,June 2005
MAURITIUS,MU,XMAU,"STOCK EXCHANGE OF MAURITIUS LTD, THE",,PORT LOUIS,www.semdex.com,June 2005
MEXICO,MX,XEMD,MERCADO MEXICANO DE DERIVADOS,MEXDER,MEXICO,www.mexder.com.mx,June 2005
MEXICO,MX,XMEX,BOLSA MEXICANA DE VALORES (MEXICAN STOCK EXCHANGE),,MEXICO,www.bmv.com.mx,June 2005
"MOLDOVA, REPUBLIC OF",MD,XMOL,MOLDOVA STOCK EXCHANGE,,CHISINAU,www.moldse.md,June 2005
MONGOLIA,MN,XULA,MONGOLIAN STOCK EXCHANGE,,ULAAN BAATAR,www.mse.mn,June 2005
MOROCCO,MA,XCAS,CASABLANCA STOCK EXCHANGE,,CASABLANCA,www.casablanca-bourse.com,June 2005
MOZAMBIQUE,MZ,XMAP,MAPUTO STOCK  EXCHANGE,,MAPUTO,www.mbendi.co.za/exmz.htm,June 2005
NAMIBIA,NA,XNAM,NAMIBIAN STOCK EXCHANGE,,WINDHOEK,www.nsx.com.na,June 2005
NEPAL,NP,XNEP,NEPAL STOCK EXCHANGE,,KATHMANDU,www.nepalstock.com,June 2005
NEW ZEALAND,NZ,XNEE,NEW ZEALAND FUTURES AND OPTIONS EXCHANGE,NZFOE,AUCKLAND,www.nzfoe.co.nz,June 2005
NEW ZEALAND,NZ,XNZE,NEW ZEALAND STOCK EXCHANGE,NZSE,WELLINGTON,www.nzx.com,June 2005
NICARAGUA,NI,XMAN,BOLSA DE VALORES DE NICARAGUA,,MANAGUA,www.bolsanic.com,June 2005
NIGERIA,NG,XNSA,"NIGERIAN STOCK EXCHANGE,THE",,LAGOS,www.nse.com.ng,June 2005
NORWAY,NO,NOTC,THE NORWEGIAN OVER THE COUNTER MARKET,NOTC,OLSO,www.nfmf.no/NOTC/Default_en.htm,June 2005
NORWAY,NO,XOSL,OSLO BORS,,OLSO,www.oslobors.no/ob/,June 2005
OMAN,OM,XMUS,MUSCAT SECURITIES MARKET,MSM,MUSCAT,www.msm.gov.om,June 2005
PAKISTAN,PK,XISL,ISLAMABAD STOCK EXCHANGE,ISE,ISLAMABAD,www.ise.com.pk,June 2005
PAKISTAN,PK,XKAR,"KARACHI STOCK EXCHANGE (GUARANTEE) LIMITED, THE",KSE,KARACHI,www.kse.com.pk,June 2005
PAKISTAN,PK,XLAH,LAHORE STOCK EXCHANGE,LSE,LAHORE,www.lahorestock.com,June 2005
"PALESTINIAN TERRITORY, OCCUPIED",PS,XPAE,PALESTINE SECURITIES EXCHANGE,PSE,NABLUS,www.p-s-e.com,June 2005
PANAMA,PA,XPTY,"BOLSA DE VALORES DE PANAMA, S.A.",BVP,PANAMA,www.panabolsa.com,June 2005
PAPUA NEW GUINEA,PG,XPOM,PORT MORESBY STOCK EXCHANGE,,PORT MORESBY,www.pomsox.com.pg,June 2005
PARAGUAY,PY,XVPA,BOLSA DE VALORES Y PRODUCTOS DE ASUNCION SA,BVPASA,ASUNCION,www.bvpasa.com.py,June 2005
PERU,PE,XLIM,BOLSA DE VALORES DE LIMA,BVL,LIMA,www.bvl.com.pe,June 2005
PHILIPPINE,PH,XPHS,"PHILIPPINE STOCK EXCHANGE, INC.",PSE,PASIG CITY,www.pse.org.ph,June 2005
POLAND,PL,CETO,MTS-CeTO S.A.,,WARSAW,www.mts-ceto.pl,June 2005
POLAND,PL,MTSP,MTS Poland,,WARSAW,www.mtspoland.com,November 2005
POLAND,PL,XWAR,WARSAW STOCK EXCHANGE,WSE,WARSAW,www.wse.com.pl,June 2005
PORTUGAL,PT,MDIP,MEDIP,MEDIP,LISBOA,,June 2005
PORTUGAL,PT,OPEX,PEX-PRIVATE EXCHANGE,OPEX,LISBOA,www.opex.pt/en/pex,June 2005
PORTUGAL,PT,PMTS,"MTS PORTUGAL SGMR, SA",,LISBOA,www.mtsportugal.com,November 2005
PORTUGAL,PT,XLIS,EURONEXT LISBOA,EURONEXT,LISBOA,www.euronext.pt,June 2005
QATAR,QA,DSMD,DOHA SECURITIES MARKET,DSM,DOHA,www.dsm.com.qa,June 2005
ROMANIA,RO,XBRM,ROMANIAN  COMMODITIES EXCHANGE,BRM,BUCHAREST,,June 2005
ROMANIA,RO,XBSE,BUCHAREST STOCK EXCHANGE,BVP,BUCHAREST,www.bvb.ro,June 2005
ROMANIA,RO,XRAS,RASDAQ,RASDAQ,BUCHAREST,www.rasd.ro,June 2005
ROMANIA,RO,BMFM,SC BURSA MONETAR-FINANCIERA SI DE MARFURI SIBIU,BMFMS,SIBIU,www.bmfms.ro,June 2005
RUSSIA,RU,URCE,URALS REGIONAL CURRENCY EXCHANGE ,URCEX,EKATERINBURG,www.urvb.ru,June 2005
RUSSIA,RU,RTSX,RTS STOCK EXCHANGE,RTS,MOSCOW,www.rtsnet.ru,June 2005
RUSSIA,RU,XMIC,MOSCOW INTERBANK CURRENCY EXCHANGE,MICEX,MOSCOW,www.micex.com,June 2005
RUSSIA,RU,XMOS,MOSCOW CENTRAL STOCK EXCHANGE,MCSE,MOSCOW,www.mcse.ru/FORA/birggame.htm,June 2005
RUSSIA,RU,XRUS,"RUSSIAN EXCHANGE, THE",NDX,MOSCOW,www.indx.ru,June 2005
RUSSIA,RU,NNCS,NIZHNY NOVGOROD CURRENCY AND STOCKEXCHANGE CLOSE JOINT STOCK COMPANY,NCSE,NIZHNIY NOVGOROD ,www.nnx.ru/eng/deystv.htm,June 2005
RUSSIA,RU,XSIB,SIBERIAN STOCK EXCHANGE,SIMEX,NOVOSIBIRSK,www.sse.nsk.su,June 2005
RUSSIA,RU,XSIC,SIBERIAN INTERBANK CURRENCY EXCHANGE,SICEX,NOVOSIBIRSK,www.sice.ru,June 2005
RUSSIA,RU,XROV,ROSTOV CURRENCY AND STOCK EXCHANGE,RCSEX,ROSTOV,www.rndex.ru,June 2005
RUSSIA,RU,XPET,ST. PETERSBURG STOCK EXCHANGE,SPBEX,SAINT-PETERSBURG,www.spbex.ru,June 2005
RUSSIA,RU,XPIC,SAINT-PETERSBURG CURRENCY EXCHANGE,SPSEX,SAINT-PETERSBURG,www.spcex.ru,June 2005
RUSSIA,RU,XSAM,SAMARA CURRENCY INTERBANK EXCHANGE,SCIEX,SAMARA,www.sciex.ru,June 2005
RUSSIA,RU,XAPI,"ASIA-PACIFIC INTERBANK CURRENCY EXCHANGE, THE",APICEX,VLADIVOSTOK,,June 2005
RUSSIA,RU,XVLA,VLADIVOSTOK (RUSSIA) STOCK EXCHANGE,VSX,VLADIVOSTOK,,June 2005
SAINT KITTS AND NEVIS,KN,XECS,EASTERN CARIBBEAN SECURITIES EXCHANGE,ECSE,BASSETERRE,www.ecseonline.com,June 2005
SAUDI ARABIA,SA,XSAU,SAUDI ARABIA STOCK EXCHANGE,,RIJAD,www.tadawul.com.sa,June 2005
SERBIA AND MONTENEGRO,CS,XBEL,BELGRADE STOCK EXCHANGE,,BELGRADE,www.belex.co.yu,June 2005
SINGAPORE,SG,XSCE,SINGAPORE COMMODITY EXCHANGE,SICOM,SINGAPORE,www.sicom.com.sg,June 2005
SINGAPORE,SG,XSES,SINGAPORE EXCHANGE,SGX,SINGAPORE,www.sgx.com,June 2005
SINGAPORE,SG,XSIM,SINGAPORE EXCHANGE DERIVATIVES CLEARING LIMITED,SGX-DT,SINGAPORE,www.sgx.com,June 2005
SLOVAKIA,SK,XBRA,"BRATISLAVA STOCK EXCHANGE, THE",BSSE,BRATISLAVA,www.bsse.sk,June 2005
SLOVAKIA,SK,XRMS,SK RM-S (SLOVAK STOCK EXCHANGE),SK RM-S,BRATISLAVA,www.rms.sk,June 2005
SLOVENIA,SI,XLJU,"LJUBLJANA STOCK EXCHANGE, INC.",,LJUBLJANA,www.ljse.si,June 2005
SOUTH AFRICA,ZA,XBES,BOND EXCHANGE OF SOUTH AFRICA,BESA,JOHANNESBURG,www.besa.za.com,June 2005
SOUTH AFRICA,ZA,XJSE,JSE SECURITIES EXCHANGE,JSE,JOHANNESBURG,www.jse.co.za,June 2005
SOUTH AFRICA,ZA,XSAF,SOUTH AFRICAN FUTURES EXCHANGE,SAFEX,JOHANNESBURG,www.safex.co.za,June 2005
SOUTH AFRICA,ZA,XSFA,SOUTH AFRICAN FUTURES EXCHANGE - AGRICULTURAL MARKET DIVISION,,JOHANNESBURG,www.safex.co.za,June 2005
SOUTH AFRICA,ZA,YLDX,YIELD-X,,JOHANNESBURG,www.yieldx.co.za,June 2005
SPAIN,ES,XBAR,BARCELONA STOCK EXCHANGE,,BARCELONA,www.borsabcn.es,June 2005
SPAIN,ES,XBAV,"MERCHBOLSA AGENCIA DE VALORES, S.A.",,BARCELONA,,June 2005
SPAIN,ES,XMCE,MERCATO CONTINUO ESPANOL,,BARCELONA,www.bolsaymercados.es,June 2005
SPAIN,ES,XMEF,MEFF RENTA FIJA,MEFF,BARCELONA,www.meff.com or www.aiaf.es,June 2005
SPAIN,ES,XMRV,MEFF RENTA VARIABLE,MEFF,BARCELONA,www.meffclear.com,June 2005
SPAIN,ES,XBIL,BOLSA DE VALORES DE BILBAO,,BILBAO,www.bolsabilbao.es,June 2005
SPAIN,ES,XSRM,"MERCADO DE FUTUROS DE ACEITE DE OLIVA, S.A.",MFAO,JAEN,www.mfao.es,June 2005
SPAIN,ES,SMTS,"MTS SPAIN, S.A.",,MADRID,www.mtsspain.com,November 2005
SPAIN,ES,XDPA,CADE - MERCADO DE DEUDA PUBLICA ANOTADA,,MADRID,,June 2005
SPAIN,ES,XDRF,AIAF - MERCADO DE RENTA FIJA,,MADRID,www.aiaf.es,June 2005
SPAIN,ES,XLAT,LATIBEX,,MADRID,www.latibex.com/esp/home.htm,June 2005
SPAIN,ES,XMAD,BOLSA DE MADRID,,MADRID,www.bolsamadrid.es,June 2005
SPAIN,ES,XFCM,MERCADO DE FUTUROS Y OPCIONES SOBRE CITRICOS,FC&M,VALENCIA,www.fcym.com,June 2005
SPAIN,ES,XVAL,BOLSA DE VALENCIA,,VALENCIA,www.bolsavalencia.es,June 2005
SRI LANKA,LK,XCOL,COLOMBO STOCK EXCHANGE,,COLOMBO,www.cse.lk,June 2005
SUDAN,SD,XKHA,KHARTOUM STOCL EXCHANGE,KSE,KHARTOUM,www.ksesudan.com,June 2005
SWAZILAND,SZ,XSWA,SWAZILAND STOCK EXCHANGE,SSX,MBABANE,www.ssx.org.sz,June 2005
SWEDEN,SE,XNGM,NORDIC GROWTH MARKET,NGM,STOCKHOLM,www.ngm.se,June 2005
SWEDEN,SE,XOME,OM STOCKHOLM EXCHANGE,OM,STOCKHOLM,www.omxgroup.com,June 2005
SWEDEN,SE,XOMF,OM FIXED INTEREST EXCHANGE,OM,STOCKHOLM,www.omxgroup.com,June 2005
SWITZERLAND,CH,XBRN,BERNE STOCK EXCHANGE,,BERNE,,June 2005
SWITZERLAND,CH,XSWX,SWISS EXCHANGE,SWX,ZURICH,www.swx.com,June 2005
TAIWAN,TW,ROCO,GRETAI SECURITIES MARKET,,TAIPEI,www.gretai.org.tw/e_index.htm,June 2005
TAIWAN,TW,XIME,TAIWAN INTERNATIONAL MERCANTILE EXCHANGE,TAIMEX,TAIPEI,,June 2005
TAIWAN,TW,XTAF,TAIWAN FUTURES EXCHANGE,TAIFEX,TAIPEI,www.taifex.com.tw,June 2005
TAIWAN,TW,XTAI,TAIWAN STOCK EXCHANGE,TSEC,TAIPEI,www.tse.com.tw,June 2005
TANZANIA,TZ,XDAR,DAR ES  SALAAM STOCK EXCHANGE,,DAR ES SALAAM,www.darstockexchange.com,June 2005
THAILAND,TH,XBKF,STOCK EXCHANGE OF THAILAND - FOREIGN BOARD,SET,BANGKOK,,June 2005
THAILAND,TH,XBKK,STOCK EXCHANGE OF THAILAND,SET,BANGKOK,www.set.or.th,June 2005
THE NETHERLANDS,NL,AMTS,MTS AMSTERDAM N.V.,,AMSTERDAM,www.mtsamsterdam.com,November 2005
THE NETHERLANDS,NL,XAMS,EURONEXT AMSTERDAM,EURONEXT,AMSTERDAM,www.aex.nl/aex.asp?taal=en,June 2005
THE NETHERLANDS,NL,XEUC,"EURONEXT COM, COMMODITIES FUTURES AND OPTIONS",EURONEXT,AMSTERDAM,www.aex.nl/aex.asp?taal=en,June 2005
THE NETHERLANDS,NL,XEUE,"EURONEXT EQF, EQUITIES AND INDICES DERIVATIVES",EURONEXT,AMSTERDAM,www.aex.nl/aex.asp?taal=en,June 2005
THE NETHERLANDS,NL,XEUI,"EURONEXT IRF, INTEREST RATE FUTURE AND OPTIONS",EURONEXT,AMSTERDAM,www.aex.nl/aex.asp?taal=en,June 2005
TRINIDAD AND TOBAGO,TT,XTRN,TRINIDAD AND TOBAGO STOCK EXCHANGE,TTSE,PORT OF SPAIN,,June 2005
TUNISIA,TN,XTUN,BOURSE DES VALEURS MOBILIERES,BVMT,TUNIS,,June 2005
TURKEY,TR,XIST,ISTANBUL STOCK EXCHANGE,ISE,ISTAMBUL,www.ise.org,June 2005
UGANDA,UG,XUGA,UGANDA SECURITIES EXCHANGE,USE,KAMPALA,www.use.or.ug/home.asp,June 2005
UKRAINE,UA,XKHR,KHARKOV COMMODITY EXCHANGE,,KHARKOV,www.xtb.com.ua,June 2005
UKRAINE,UA,PFTS,FIRST SECURITIES TRADING SYSTEM - UKRAINIAN OTC,PFTS,KIEV,www.pfts.com/ukr,June 2005
UKRAINE,UA,XKIE,KIEV UNIVERSAL EXCHANGE,,KIEV,www.kue.kiev.ua,June 2005
UKRAINE,UA,XUAX,UKRAINIAN STOCK EXCHANGE,UKRSE,KIEV,www.ukrse.kiev.ua,February 2006
UKRAINE,UA,XUKR,UKRAINIAN UNIVERSAL COMMODITY EXCHANGE,,KIEV,www.uutb.com.ua,June 2005
UKRAINE,UA,XODE,ODESSA COMMODITY EXCHANGE,,ODESSA,www.otb.odessa.ua,June 2005
UKRAINE,UA,XPRI,PRIDNEPROVSK COMMODITY EXCHANGE,,PRIDNEPROVSK,www.pce.dp.ua,June 2005
UNITED ARAB EMIRATES ,AE,XADS,ABU DHABI SECURITIES MARKET,ADSM,ABU DHABI,portal.adsm.ae/wps/portal,June 2005
UNITED ARAB EMIRATES ,AE,DGCX,DUBAI GOLD & COMMODITIES EXCHANGE DMCC,DGCX,DUBAI,www.dgcx.ae,December 2005
UNITED ARAB EMIRATES ,AE,DIFX,DUBAI INTERNATIONAL FINANCIAL EXCHANGE LTD.,DIFX,DUBAI,www.difx.ae,September 2005
UNITED ARAB EMIRATES ,AE,XDFM,DUBAI FINANCIAL MARKET,DFM,DUBAI,www.dfm.co.ae,June 2005
UNITED KINGDOM,GB,AIMX,ALTERNATE INVESTMENT MARKET,AIM,LONDON,www.londonstockexchange.com/en-gb/products/companyservices/ourmarkets/aim/,June 2005
UNITED KINGDOM,GB,BTEE,BROKERTEC EUROPE LTD.,BTEC,LONDON,www.btec.com,June 2005
UNITED KINGDOM,GB,CHIX,INSTINET CHI-X LTD.,CHI-X,LONDON,www.instinet.com,March 2006
UNITED KINGDOM,GB,CMTS,EUROCREDIT,,LONDON,www.euromts.com,November 2005
UNITED KINGDOM,GB,EMTS,EUROMTS,EMTS,LONDON,www.euromts-ltd.com,June 2005
UNITED KINGDOM,GB,GEMX,GEMMA (Gilt Edged Market Makers’Association),GEMMA,LONDON,,June 2005
UNITED KINGDOM,GB,IEPA,INTERCONTINENTAL EXCHANGE LTD. ,ICE,LONDON,www.intcx.com,June 2005
UNITED KINGDOM,GB,IMTS,MTS IRELAND,,LONDON,www.mtsireland.com,November 2005
UNITED KINGDOM,GB,KMTS,EUROMTS LINKERS MARKET,,LONDON,www.euromts.com,November 2005
UNITED KINGDOM,GB,LMTS,EUROGLOBAL MTS,  ,LONDON,www.euromts.com,November 2005
UNITED KINGDOM,GB,MTSA,MTS AUSTRIAN MARKET,,LONDON,www.mtsaustria.com,November 2005
UNITED KINGDOM,GB,MTSG,MTS GREEK MARKET,,LONDON,www.mtsgreece.com,November 2005
UNITED KINGDOM,GB,NMTS,NEW EUROMTS,,LONDON,www.neweuromts.com,November 2005
UNITED KINGDOM,GB,OFEX,OFEX,OFEX,LONDON,www.ofex.com,June 2005
UNITED KINGDOM,GB,QMTS,MTS QUASI GOVERNMENT,,LONDON,www.euromts.com,November 2005
UNITED KINGDOM,GB,TMTS,EUROBENCHMARK TRES. BILLS,,LONDON,www.euromts.com,November 2005
UNITED KINGDOM,GB,TREU,TRADEWEB EUROPE LIMITED ,,LONDON,www.tradeweb.com,June 2005
UNITED KINGDOM,GB,UMTS,MTS CEDULAS,,LONDON,www.euromts.com,November 2005
UNITED KINGDOM,GB,XCOR,ISMA TRADING SERVICE,,LONDON,www.isma.co.uk,June 2005
UNITED KINGDOM,GB,XEDX,EDX LONDON LIMITED,,LONDON,,June 2005
UNITED KINGDOM,GB,XLBM,"LONDON BULLION MARKET, THE",,LONDON,www.lbma.org.uk,June 2005
UNITED KINGDOM,GB,XLCE,THE LONDON COMMODITY EXCHANGE,LCE,LONDON,www.londoncommoditiesexchange.com,June 2005
UNITED KINGDOM,GB,XLIF,EURONEXT.LIFFE,,LONDON,"www.euronext.com/home_derivatives/0,4810,1732_6391950,00.html",June 2005
UNITED KINGDOM,GB,XLME,LONDON METAL EXCHANGE,LME,LONDON,www.lme.co.uk,June 2005
UNITED KINGDOM,GB,XLON,"LONDON STOCK EXCHANGE, THE",LSE,LONDON,www.londonstockexchange.com,June 2005
UNITED KINGDOM,GB,XLTO,LONDON TRADED OPTIONS MARKET,LTOM,LONDON,"www.euronext.com/home_derivatives/0,4810,1732_6391950,00.html",June 2005
UNITED KINGDOM,GB,XMLX,"OMLX, THE LONDON SECURITIES AND DERIVATIVES EXCHANGE LIMITED",OMLX,LONDON,www.omxgroup.com,June 2005
UNITED KINGDOM,GB,XPLU,PLUS MARKETS GROUP,PLUS-TRADING,LONDON,www.plus-trading.co.uk,March 2006
UNITED KINGDOM,GB,XVTX,VIRT-X,VIRT-X,LONDON,www.virt-x.com,June 2005
UNITED STATES OF AMERICA,US,XBOS,BOSTON STOCK EXCHANGE,BSE,BOSTON,www.bostonstock.com,June 2005
UNITED STATES OF AMERICA,US,XBOX,BOSTON OPTIONS EXCHANGE,BOX,BOSTON,www.bostonoptions.com,June 2005
UNITED STATES OF AMERICA,US,THRD,THE THIRD MARKET CORPORATION,eTHRD,CHICAGO,www.ETHRD.COM,June 2005
UNITED STATES OF AMERICA,US,XARC,THE ARCHIPELAGO ECN,ARCA,CHICAGO,www.archipelago.com,June 2005
UNITED STATES OF AMERICA,US,XCBF,CBOE FUTURES EXCHANGE,CFE,CHICAGO,www.cboe.com/cfe/index.asp,June 2005
UNITED STATES OF AMERICA,US,XCBO,CHICAGO BOARD OPTIONS EXCHANGE,CBOE,CHICAGO,www.cboe.com,June 2005
UNITED STATES OF AMERICA,US,XCBT,CHICAGO BOARD OF TRADE,CBOT,CHICAGO,www.cbot.com,June 2005
UNITED STATES OF AMERICA,US,XCCX,"CHICAGO CLIMATE EXCHANGE, INC",CCX,CHICAGO,www.chicagoclimateexchange.com,June 2005
UNITED STATES OF AMERICA,US,XCHI,"CHICAGO STOCK EXCHANGE, INC.",CHX,CHICAGO,www.chx.com,June 2005
UNITED STATES OF AMERICA,US,XCIS,NATIONAL STOCK EXCHANGE,,CHICAGO,www.cincinnatistock.com,June 2005
UNITED STATES OF AMERICA,US,XCME,CHICAGO MERCANTILE EXCHANGE,CME,CHICAGO,www.cme.com,June 2005
UNITED STATES OF AMERICA,US,XCRC,CHICAGO RICE AND COTTON EXCHANGE,,CHICAGO,,June 2005
UNITED STATES OF AMERICA,US,XEUS,EUREX US,,CHICAGO,www.eurexus.com,June 2005
UNITED STATES OF AMERICA,US,XIMM,INTERNATIONAL MONETARY MARKET,,CHICAGO,www.cme.com,June 2005
UNITED STATES OF AMERICA,US,XIOM,INDEX AND OPTIONS MARKET,IOM,CHICAGO,www.cme.com,June 2005
UNITED STATES OF AMERICA,US,XMAC,MID AMERICA COMMODITY EXCHANGE,MidAm,CHICAGO,,June 2005
UNITED STATES OF AMERICA,US,XMER,MERCHANTS' EXCHANGE,ME,CHICAGO,www.merchants-exchange.com,June 2005
UNITED STATES OF AMERICA,US,XOCH,"ONECHICAGO, LLC.",,CHICAGO,www.onechicago.com,June 2005
UNITED STATES OF AMERICA,US,BTEC,"BROKERTEC USA, LLC",BTEC,JERSEY CITY,www.btec.com,June 2005
UNITED STATES OF AMERICA,US,TRWB,TRADEWEB LLC,,JERSEY CITY,www.tradeweb.com,June 2005
UNITED STATES OF AMERICA,US,XBTF,BROKERTEC FUTURES EXCHANGE,BTEX,JERSEY CITY,www.btecfutures.com,June 2005
UNITED STATES OF AMERICA,US,XKBT,KANSAS CITY BOARD OF TRADE,KCBT,KANSAS CITY,www.kcbt.com,June 2005
UNITED STATES OF AMERICA,US,XMGE,MINNEAPOLIS GRAIN EXCHANGE,MGE,MINNEAPOLIS,www.mgex.com,June 2005
UNITED STATES OF AMERICA,US,ICEL,THE ISLAND ECN LTD.,,NEW YORK,www.island.com,June 2005
UNITED STATES OF AMERICA,US,ITGI,ITG - POSIT EXCHANGE,,NEW YORK,www.itginc.com/products/posit/index.html,December 2005
UNITED STATES OF AMERICA,US,PINX,PINK SHEETS LLC (NQB),,NEW YORK,www.pinksheets.com,June 2005
UNITED STATES OF AMERICA,US,XASE,AMERICAN STOCK EXCHANGE,AMEX,NEW YORK,www.amex.com,June 2005
UNITED STATES OF AMERICA,US,XBRT,THE BRUT ECN,BRUT,NEW YORK,www.nasdaqtrader.com/eBrut/home.shtm,June 2005
UNITED STATES OF AMERICA,US,XCEC,COMMODITIES EXCHANGE CENTER,COMEX,NEW YORK,www.nymex.com,June 2005
UNITED STATES OF AMERICA,US,XCFF,CANTOR FINANCIAL FURTURES EXCHANGE,CANTOR,NEW YORK,www.cantor.com,June 2005
UNITED STATES OF AMERICA,US,XCSC,"NEW YORK COCOA, COFFEE AND SUGAR EXCHANGE",CSCE,NEW YORK,www.csce.com,June 2005
UNITED STATES OF AMERICA,US,XISX,"INTERNATIONAL SECURITIES EXCHANGE, LLC.",ISE,NEW YORK,www.iseoptions.com,June 2005
UNITED STATES OF AMERICA,US,XNAS,NASDAQ,NASDAQ,NEW YORK,www.nasdaq.com,June 2005
UNITED STATES OF AMERICA,US,XNMS,NASDAQ/NMS (NATIONAL MARKET SYSTEM),NASDAQ/NMS,NEW YORK,www.nasdaq.com,June 2005
UNITED STATES OF AMERICA,US,XNQL,NQLX (NASDAQ LIFFE),NQLX,NEW YORK,www.nqlx.com,June 2005
UNITED STATES OF AMERICA,US,XNYC,NEW YORK COTTON EXCHANGE,NYCE,NEW YORK,www.nyce.com,June 2005
UNITED STATES OF AMERICA,US,XNYF,NEW YORK BOARD OF TRADE,NYBOT,NEW YORK,www.nybot.com,June 2005
UNITED STATES OF AMERICA,US,XNYM,NEW YORK MERCANTILE EXCHANGE,NYMEX,NEW YORK,www.nymex.com,June 2005
UNITED STATES OF AMERICA,US,XNYS,"NEW YORK STOCK EXCHANGE, INC.",NYSE,NEW YORK,www.nyse.com,June 2005
UNITED STATES OF AMERICA,US,XPBT,PHILADELPHIA BOARD OF TRADE,PBOT,PHILADELPHIA,www.phlx.com,June 2005
UNITED STATES OF AMERICA,US,XPHL,PHILADELPHIA STOCK EXCHANGE,PHLX,PHILADELPHIA,www.phlx.com,June 2005
UNITED STATES OF AMERICA,US,XPHO,PHILADELPHIA OPTIONS EXCHANGE,,PHILADELPHIA,www.phlx.com,June 2005
UNITED STATES OF AMERICA,US,XAZX,ARIZONA STOCK EXCHANGE,AZX,PHOENIX,www.azx.com,June 2005
UNITED STATES OF AMERICA,US,XPSE,PACIFIC EXCHANGE,PCX,SAN FRANCISCO,www.pacificex.com,June 2005
UNITED STATES OF AMERICA,US,XOTC,OTC BULLETIN BOARD,OTCBB,WASHINGTON,www.otcbb.com,June 2005
UNITED STATES OF AMERICA,US,XPOR,PORTAL,,WASHINGTON,,June 2005
URUGUAY,UY,XMNT,BOLSA DE VALORES DE MONTEVIDEO,BVMT,MONTEVIDEO,www.bolsademontevideo.com.uy,June 2005
UZBEKISTAN,UZ,XCET,UNIVERSAL COMMODITY EXCHANGE 'TASHKENT',,TASHKENT,,June 2005
UZBEKISTAN,UZ,XCUE,THE UZBEKISTAN REPUBLICAN CURRENCY EXCHANGE,,TASHKENT,,June 2005
UZBEKISTAN,UZ,XKCE,KHOREZM INTERREGION COMMODITY EXCHANGE,,TASHKENT,,June 2005
UZBEKISTAN,UZ,XSTE,UZBEKISTAN STOCK EXCHANGE,UZSE,TASHKENT,,June 2005
UZBEKISTAN,UZ,XUNI,UNIVERSAL BROKER'S EXCHANGE 'TASHKENT',,TASHKENT,,June 2005
VENEZUELA,VE,XCAR,CARACAS STOCK EXCHANGE,,CARACAS,www.caracasstock.com,June 2005
VIET NAM,VN,XSTC,VIETNAM STOCK EXCHANGE,,HO CHI MINH CITY,,June 2005
ZAMBIA,ZM,XLUS,LUSAKA STOCK EXCHANGE,,LUSAKA,www.luse.co.zm,June 2005
ZIMBABWE,ZW,XZIM,ZIMBABWE STOCK EXCHANGE,,HARARE,www.zse.co.zw,June 2005
 ,,XXXX,"NO MARKET (EG, UNLISTED)",  ,,,October 2005
